Unique ID,Similarity Score
1,0.22645852
2,0.16562358
3,0.30748418
4,0.2905622
5,0.21654007
6,0.14087965
7,0.100987926
8,0.35816732
9,0.27459317
10,0.24377787
11,0.219957
12,0.14832394
13,0.23302391
14,0.15128201
15,0.111675605
16,0.27255177
17,0.13538605
18,0.09777361
19,0.24785717
20,0.11613822
21,0.18327245
22,0.21438615
23,0.03541983
24,0.111193374
25,0.14032811
26,0.21426606
27,0.20311125
28,0.25517973
29,0.13063526
30,0.29295138
31,0.06864183
32,0.041997377
33,0.4340244
34,0.22909126
35,0.042295452
36,0.15087676
37,0.20427902
38,0.24580541
39,0.305637
40,0.13371694
41,0.2496619
42,0.15484554
43,0.25391036
44,0.13587433
45,0.403671
46,0.19881067
47,0.3224913
48,0.28552872
49,0.2319726
50,0.27876192
51,0.11811313
52,0.28122512
53,0.06693117
54,0.07348345
55,0.1965473
56,0.34123173
57,0.08085908
58,0.14299703
59,0.22403626
60,0.14152057
61,0.230591
62,0.13095307
63,0.212441
64,0.21597551
65,0.13121775
66,0.09799429
67,0.17532623
68,-0.025376275
69,0.074420676
70,0.29559714
71,0.14236966
72,0.009989399
73,0.19999355
74,0.13987616
75,0.17716913
76,0.13350327
77,0.020268738
78,0.11439508
79,0.11968805
80,0.11013369
81,0.13296708
82,0.19764379
83,0.09285036
84,0.069638446
85,0.241481
86,0.09741853
87,0.17755842
88,0.12845898
89,0.06620137
90,0.21255894
91,-0.00101414
92,0.11372028
93,0.23337094
94,0.1629483
95,0.34446895
96,0.23009253
97,0.0469488
98,0.13597941
99,0.18074203
100,-0.011044322
101,0.054368824
102,0.066010356
103,0.13328639
104,0.100845
105,0.2182343
106,0.2566328
107,0.30732995
108,0.12232956
109,0.08295049
110,0.055700675
111,0.08925241
112,0.1623414
113,0.23411715
114,0.014477909
115,0.062387753
116,0.27518022
117,0.17212701
118,0.114722505
119,0.18387982
120,0.27296117
121,0.12421849
122,0.32731003
123,0.2712504
124,0.11119312
125,0.19182923
126,0.14022619
127,0.21242677
128,-0.0512922
129,-0.008621624
130,0.17266956
131,0.23289555
132,0.062320963
133,0.18716052
134,0.2949805
135,0.12861529
136,0.18952577
137,0.19700512
138,0.14066595
139,0.23643896
140,0.04621642
141,0.005037273
142,0.30122614
143,0.18895458
144,0.059951182
145,0.27990323
146,0.17127338
147,0.16446954
148,0.1230918
149,0.28307348
150,0.07586818
151,0.23231845
152,0.054364208
153,0.13910565
154,0.13534936
155,0.24543506
156,0.117287874
157,0.25159454
158,0.27500907
159,0.13646416
160,0.32767874
161,-0.03445803
162,0.2415348
163,0.17264368
164,0.13910395
165,0.11601609
166,0.36901873
167,0.17423052
168,0.11742297
169,0.1992738
170,0.12674487
171,-7.52E-05
172,0.25649506
173,0.15117002
174,0.026209636
175,0.036980674
176,0.18235448
177,0.24016306
178,0.20118208
179,0.30462968
180,0.19119382
181,0.05371266
182,0.26375774
183,0.1787119
184,0.08667381
185,0.18035805
186,0.26237494
187,0.07273768
188,0.20127888
189,0.14307615
190,0.17391604
191,0.20779806
192,0.14680564
193,0.044011474
194,0.11389626
195,0.17802581
196,0.17297798
197,0.21978362
198,0.20057273
199,0.017646026
200,0.33667216
201,0.31940335
202,0.20219418
203,0.022263326
204,0.11653377
205,0.09364298
206,0.21882989
207,0.10922843
208,-0.045604136
209,0.18971528
210,0.33151227
211,0.18306482
212,0.116044
213,0.106503144
214,0.15649036
215,0.17410631
216,0.1327321
217,0.11605679
218,0.20739456
219,0.17425178
220,0.16403502
221,0.15698574
222,0.1954552
223,0.17882372
224,0.10062494
225,0.10611463
226,0.13684273
227,0.12114504
228,0.22266015
229,0.1926652
230,0.056661338
231,0.15814555
232,0.32350594
233,0.04886721
234,0.23256859
235,0.12771136
236,0.058228258
237,0.19095212
238,0.1810312
239,0.31405094
240,0.26487923
241,0.069468915
242,0.18736054
243,-0.02168804
244,0.1491153
245,0.3325839
246,0.2993015
247,0.18926254
248,0.11223562
249,0.12388951
250,0.070669405
251,0.25536832
252,0.15255427
253,0.066189826
254,0.36705732
255,0.15623644
256,0.3633241
257,0.0888566
258,-0.039850123
259,-0.058268692
260,0.14289579
261,0.05774893
262,0.22992878
263,0.3264462
264,0.13166434
265,0.31723738
266,0.22595468
267,0.076771125
268,0.11429149
269,0.09660483
270,0.20278355
271,0.33420527
272,0.21701093
273,0.2174446
274,0.10180706
275,0.32924873
276,0.34978032
277,0.19074334
278,0.08935863
279,0.106806405
280,0.10899192
281,0.28032827
282,0.29713017
283,0.19397439
284,0.095550016
285,0.6599165
286,0.20468919
287,0.087759554
288,0.17194414
289,0.061787672
290,0.14268851
291,0.047891542
292,0.1514551
293,0.2542469
294,0.295999
295,0.16106415
296,0.14998028
297,0.083444774
298,0.28020322
299,0.3087349
300,0.10326131
301,0.28934604
302,0.2483215
303,0.2685453
304,0.16237478
305,0.20386949
306,0.14157683
307,0.17223799
308,0.22730991
309,0.19767982
310,0.20351899
311,0.09998848
312,0.10299627
313,0.1303877
314,0.26905674
315,0.117709026
316,0.1259812
317,0.12899181
318,0.18706459
319,0.11227089
320,0.40451542
321,0.050883774
322,0.29650027
323,0.17499608
324,0.19776258
325,0.20407039
326,0.11306715
327,0.3308515
328,0.21947229
329,0.30670702
330,0.27920997
331,0.17597969
332,0.052089572
333,0.18148927
334,0.23613828
335,0.22234705
336,0.20737255
337,0.076228775
338,0.3321845
339,0.13175613
340,0.25255042
341,0.17301908
342,0.0646427
343,0.2145616
344,0.16826414
345,0.1964772
346,-0.031090172
347,0.25473297
348,-0.04850737
349,0.22041851
350,0.10248077
351,0.0963136
352,0.26379627
353,0.22252277
354,0.21682379
355,0.18340236
356,0.16527261
357,0.21022104
358,0.10687066
359,0.036431562
360,0.2959545
361,0.12995434
362,0.3113413
363,0.17942613
364,0.07467878
365,0.22727491
366,0.09095864
367,0.13939852
368,0.011736732
369,0.14516878
370,0.014643526
371,0.22696291
372,0.2698588
373,0.21526828
374,0.2000956
375,0.19475505
376,0.18911915
377,0.07279665
378,0.4622654
379,0.19091475
380,0.22919649
381,0.11576623
382,0.16883206
383,0.1421372
384,0.15091309
385,0.11669098
386,0.43688095
387,0.15323025
388,0.33025342
389,0.23596907
390,0.17637163
391,0.15283787
392,0.082971066
393,0.1854307
394,0.18224677
395,0.099463
396,0.057923853
397,0.053186942
398,0.11687619
399,0.17405196
400,0.09588223
401,0.43673456
402,0.013817076
403,0.058197275
404,0.072647355
405,0.11723838
406,0.20248139
407,0.1286859
408,0.107147425
409,0.16226314
410,0.102384314
411,0.05468134
412,0.087947994
413,0.21719882
414,0.078224346
415,0.28115302
416,0.19075134
417,0.13810755
418,0.17448291
419,0.2534968
420,0.122123934
421,0.094806954
422,0.15445589
423,0.21934135
424,0.3218082
425,0.24269743
426,0.052426804
427,0.23619731
428,0.20933782
429,0.2882687
430,0.39918917
431,0.13933477
432,0.071751826
433,0.11761016
434,0.18618125
435,0.31581664
436,0.09342119
437,0.10129888
438,0.12766598
439,0.13350524
440,0.06641966
441,0.1403636
442,0.1088081
443,0.32706344
444,0.012420542
445,0.21412615
446,0.14192796
447,0.12715061
448,0.27717376
449,0.17057371
450,0.17051733
451,0.32772368
452,0.2622692
453,0.20301153
454,0.17280182
455,0.22932766
456,0.11178122
457,0.22855131
458,0.18035306
459,0.15765655
460,0.22468963
461,0.30372196
462,0.025952838
463,0.1916714
464,0.20878935
465,0.1902456
466,0.095568776
467,0.27269977
468,0.002096684
469,0.15858477
470,0.2478525
471,0.1817975
472,0.2384465
473,0.23566638
474,0.21865678
475,0.32941836
476,0.15342133
477,0.1753791
478,0.290622
479,0.0828904
480,0.23997235
481,0.007908544
482,0.16113974
483,0.111781485
484,0.22562091
485,0.1779814
486,0.21847604
487,0.014051131
488,0.037364185
489,0.20931911
490,0.27248192
491,0.10133527
492,0.07567778
493,0.07258474
494,-0.011485677
495,0.14634953
496,0.117414854
497,0.24908234
498,0.17837566
499,0.19742619
500,0.1801039
501,0.14443582
502,0.19932812
503,0.21917225
504,0.3303473
505,-0.01528174
506,0.2308828
507,0.19652401
508,0.2028259
509,0.12272737
510,0.24746776
511,0.07601994
512,0.17472309
513,0.37725568
514,0.22200428
515,0.37342295
516,0.09340276
517,0.27276516
518,0.1322602
519,0.101370886
520,0.21782996
521,0.18238649
522,0.0977003
523,0.13773754
524,0.40712053
525,0.19142127
526,0.33260417
527,0.15942696
528,0.21080408
529,0.2778439
530,0.18025777
531,0.13720092
532,0.027883861
533,0.06912343
534,0.18598717
535,0.25309366
536,0.30980983
537,0.19864899
538,0.047688797
539,0.12341887
540,0.14902237
541,0.3805371
542,0.15670761
543,0.2672372
544,0.2963829
545,0.18389574
546,0.2217985
547,0.1278531
548,0.1301619
549,0.24253412
550,0.26464656
551,0.11740422
552,0.09560341
553,0.35593405
554,0.15644097
555,0.18506724
556,0.14795749
557,0.028207634
558,0.21199495
559,0.2650384
560,0.12749588
561,0.113428935
562,0.022133693
563,0.0814374
564,0.18649703
565,0.16957939
566,0.025139295
567,0.22337648
568,0.27919844
569,0.03988462
570,0.2332415
571,0.2892898
572,0.24352643
573,0.31404257
574,0.03176347
575,-0.011279946
576,0.2747112
577,0.25888622
578,-0.000589702
579,0.20332849
580,0.014015766
581,0.118716195
582,0.1888519
583,0.18072516
584,0.28096914
585,0.08143054
586,0.38406533
587,0.26667243
588,0.020819861
589,0.088028625
590,0.10705757
591,0.28568843
592,0.0983558
593,0.121544644
594,0.20194508
595,0.29880607
596,0.11699174
597,0.23509121
598,0.16505505
599,0.21066293
600,0.164711
601,0.32187945
602,0.13384777
603,0.364315
604,0.2634475
605,0.18398565
606,0.12018837
607,0.10579119
608,0.19621983
609,0.33126217
610,0.3779945
611,0.07087922
612,0.07597834
613,0.09713396
614,0.08229371
615,0.18571863
616,0.25793093
617,0.19986822
618,0.18737793
619,0.13126203
620,0.3444051
621,0.30229068
622,0.032385513
623,0.22930649
624,0.22010408
625,0.14089896
626,0.08390452
627,0.1955902
628,0.20496608
629,0.400559
630,0.046661507
631,0.18149023
632,0.11572395
633,0.2124477
634,0.38137484
635,0.018866701
636,0.22458309
637,0.11473826
638,0.05808182
639,0.16332884
640,0.20730065
641,0.09900403
642,0.12901197
643,0.2849586
644,0.23539193
645,0.0274144
646,0.21324657
647,0.1418395
648,0.2284551
649,0.09625761
650,0.21703774
651,0.00521633
652,0.11632061
653,-0.000631659
654,-0.023527551
655,-0.013145577
656,0.2675417
657,0.09091167
658,0.21963003
659,0.024998462
660,0.14778024
661,0.095820285
662,0.058323022
663,0.14598802
664,0.2182006
665,0.1609607
666,0.26602507
667,0.13503313
668,0.30574527
669,0.028948754
670,0.22388676
671,0.1914861
672,0.2840976
673,0.17079031
674,0.06561242
675,0.11174488
676,0.006349681
677,0.14445442
678,0.24103087
679,0.19950247
680,0.09112576
681,0.41296202
682,0.20186937
683,0.18900082
684,0.14658728
685,0.075339794
686,0.14520949
687,0.32137266
688,0.13592438
689,0.09084502
690,0.033165798
691,0.12823391
692,0.21264622
693,0.25606012
694,0.08420295
695,0.3713192
696,0.40630183
697,0.39796582
698,0.29326892
699,0.31085765
700,0.057774797
701,0.07527209
702,0.18821405
703,0.012784375
704,0.141029
705,0.014881376
706,0.12901178
707,0.006678063
708,0.14934793
709,0.23699804
710,0.25713104
711,0.13337097
712,0.19888303
713,0.12329416
714,0.108895645
715,0.16085231
716,0.07416603
717,0.22298184
718,0.06229593
719,0.31192642
720,0.27155286
721,0.05569374
722,0.20635146
723,0.21718206
724,0.015981555
725,0.10698969
726,0.1784464
727,0.080677025
728,0.25661728
729,0.10401314
730,0.17497772
731,0.3174857
732,0.22454992
733,0.15124653
734,0.03270894
735,0.22442925
736,0.10573665
737,0.1904347
738,0.08175796
739,0.35119116
740,0.12043745
741,0.06557711
742,0.10007112
743,0.12100949
744,0.25790432
745,0.21700774
746,0.06420578
747,0.11246726
748,0.16568445
749,0.2154631
750,-0.018035002
751,0.16230789
752,0.1296592
753,0.13245574
754,0.16499178
755,0.14086303
756,0.15972117
757,0.014849231
758,0.12069067
759,0.057743803
760,0.075178504
761,0.15731432
762,0.2846718
763,0.2224079
764,0.07555322
765,0.14220075
766,0.18068117
767,0.22334486
768,0.01576291
769,0.33114228
770,0.12922476
771,0.14335725
772,0.076345265
773,-0.045442905
774,0.35089672
775,0.15925542
776,0.09704325
777,0.23289728
778,0.14519632
779,0.08390335
780,0.20431373
781,0.08458387
782,0.18093382
783,0.2787612
784,0.22743812
785,0.08963274
786,0.21859278
787,0.31047466
788,0.06835207
789,0.17617726
790,0.40381932
791,0.20172548
792,0.24419472
793,0.17787322
794,0.11067424
795,0.23556823
796,0.44631326
797,0.2956331
798,0.11383109
799,0.11148601
800,0.2104697
801,0.10023637
802,0.10559767
803,0.16795267
804,0.41659954
805,0.14321057
806,0.09337196
807,0.16269085
808,-0.012796423
809,0.18830456
810,0.15654284
811,0.14397411
812,0.08236969
813,0.20209007
814,0.14325404
815,0.17256235
816,0.2285437
817,0.16705723
818,0.14175355
819,0.25970632
820,0.3021874
821,0.12637827
822,0.12396589
823,0.30514285
824,0.17680888
825,0.104751706
826,0.061337106
827,0.10416387
828,0.22760592
829,0.12349296
830,0.15075096
831,0.19073865
832,0.20422845
833,0.23782384
834,0.20532039
835,0.071810514
836,0.07930873
837,0.19351596
838,0.10528919
839,0.11985805
840,0.10711938
841,-0.02148279
842,0.16233297
843,0.11965349
844,0.14555566
845,-0.019339422
846,0.1315607
847,0.22213818
848,0.2644623
849,0.38497242
850,0.18354964
851,0.26476574
852,0.28439587
853,0.20609474
854,0.10523951
855,0.07832007
856,0.042804554
857,0.023907837
858,0.027106218
859,0.14842817
860,0.2401853
861,0.09166009
862,0.06574243
863,0.11083481
864,0.15152678
865,0.13727102
866,0.17152533
867,0.25031537
868,0.14970778
869,0.100758284
870,0.26907927
871,0.08610944
872,0.14175534
873,0.08254571
874,0.28405276
875,0.275531
876,0.20285882
877,0.29157883
878,0.14597885
879,0.15634952
880,0.2885865
881,0.15853345
882,0.23197536
883,0.13381365
884,0.21646374
885,0.13902079
886,0.3551072
887,0.16434407
888,0.17076185
889,0.32704002
890,0.20410761
891,0.16258913
892,0.13813056
893,0.116814256
894,0.0643429
895,0.30893588
896,0.29939392
897,-0.001411066
898,0.020719178
899,0.17328873
900,0.16955523
901,0.2415996
902,0.21346441
903,0.111173525
904,0.19460191
905,0.14360064
906,0.124536015
907,0.120589495
908,0.083101906
909,0.025736474
910,0.07106691
911,0.20166951
912,0.22858584
913,0.12467817
914,0.03152497
915,0.21091318
916,0.08716777
917,0.14105602
918,0.3248579
919,0.06771298
920,0.20233569
921,0.36466125
922,0.17343563
923,0.15499671
924,0.21655944
925,0.20007549
926,0.061281383
927,0.18171127
928,0.34823728
929,0.15790892
930,0.22398874
931,0.21999955
932,0.092582494
933,0.17436694
934,0.15214145
935,0.15105873
936,0.13769296
937,0.11784077
938,0.13485223
939,0.18892191
940,0.088623635
941,0.22088423
942,0.12174711
943,0.30238613
944,0.1375444
945,0.18801367
946,0.08843084
947,0.1680567
948,0.1983516
949,0.26333907
950,0.13041595
951,0.16791448
952,-0.028945142
953,0.17042156
954,0.2108919
955,0.042040616
956,0.18275568
957,0.2000204
958,0.4334861
959,0.14395237
960,0.27806085
961,0.07365851
962,0.14129938
963,0.12690933
964,0.21863027
965,0.21186996
966,0.123804726
967,0.10603972
968,0.025764799
969,0.19799247
970,0.1650737
971,0.2674411
972,0.12507534
973,0.1476419
974,0.06417546
975,0.05338203
976,0.1926541
977,0.2451264
978,0.16482097
979,0.032541223
980,0.3217911
981,0.14793217
982,0.37129304
983,0.28347886
984,0.22987461
985,0.13212177
986,0.07865065
987,0.25358355
988,0.19637649
989,0.12220891
990,0.09247975
991,0.10054433
992,0.33279973
993,0.29943544
994,0.16128066
995,0.24925405
996,0.052322097
997,-0.028484188
998,0.3677835
999,0.006071196
1000,0.1317074
1001,0.13778509
1002,0.11087254
1003,0.00152394
1004,0.34420085
1005,0.101260826
1006,0.20601737
1007,0.08989306
1008,0.146431
1009,0.09911989
1010,0.2688203
1011,0.11962323
1012,0.25412345
1013,0.09105354
1014,0.15925726
1015,0.3651919
1016,0.12839636
1017,0.048223175
1018,0.101986565
1019,0.13628921
1020,0.094920315
1021,0.25247335
1022,0.28184944
1023,0.18371889
1024,0.16425398
1025,0.19018012
1026,0.15688479
1027,0.27523547
1028,0.1491495
1029,0.049177874
1030,0.06969653
1031,0.1419411
1032,0.04975321
1033,0.2151674
1034,0.16203317
1035,0.25799996
1036,0.158829
1037,0.14546901
1038,0.43118703
1039,0.10891448
1040,0.14781071
1041,0.18341649
1042,0.11377749
1043,0.20237288
1044,0.16353534
1045,0.058894902
1046,0.25644213
1047,0.2561644
1048,0.13593324
1049,0.06879043
1050,0.19239014
1051,0.1212603
1052,0.19140002
1053,0.18130347
1054,0.06561691
1055,0.18707758
1056,0.27999917
1057,0.32256213
1058,0.2861182
1059,0.2501578
1060,0.27231753
1061,0.05348917
1062,0.34244734
1063,0.2780586
1064,0.17094932
1065,0.26215088
1066,0.15274985
1067,0.16151786
1068,0.061269768
1069,0.09973034
1070,0.48564667
1071,0.083056845
1072,0.13559765
1073,0.1414693
1074,0.027362006
1075,0.07089403
1076,0.15218699
1077,0.09704372
1078,0.17291103
1079,0.241076
1080,0.34768385
1081,0.091981396
1082,0.27842838
1083,0.06710462
1084,0.10009804
1085,0.08794451
1086,0.2175513
1087,0.10499117
1088,0.07798218
1089,0.15620616
1090,0.22351792
1091,0.21312734
1092,0.17141284
1093,0.11698505
1094,0.17268366
1095,0.32327852
1096,0.12301338
1097,0.18551807
1098,0.08160847
1099,0.23294522
1100,0.26509097
1101,0.20843916
1102,0.34953734
1103,0.16419016
1104,0.21646714
1105,0.08226602
1106,0.2414504
1107,0.30119878
1108,0.19817236
1109,0.33640197
1110,0.1136558
1111,0.016345995
1112,0.18922564
1113,0.37239218
1114,0.37881726
1115,0.39965707
1116,0.20259485
1117,0.3151905
1118,0.24498132
1119,0.38556573
1120,0.24286082
1121,0.037032187
1122,0.34532207
1123,0.24067089
1124,0.18489644
1125,0.052233055
1126,0.31785
1127,0.09935111
1128,0.18314734
1129,0.103084445
1130,-0.008756899
1131,0.19042787
1132,0.17180479
1133,0.38321865
1134,0.22277561
1135,0.15524504
1136,0.030607743
1137,0.14183694
1138,0.24044065
1139,0.20207569
1140,0.15981981
1141,0.10316797
1142,0.11754902
1143,0.24868225
1144,0.11679529
1145,0.14884822
1146,0.12770429
1147,0.27495086
1148,0.14911982
1149,0.2444874
1150,0.04410939
1151,0.2286486
1152,0.31159747
1153,0.18341592
1154,0.13527805
1155,0.18185624
1156,0.24951288
1157,0.15897104
1158,0.29838693
1159,0.20766303
1160,0.09239367
1161,0.1230381
1162,0.16113186
1163,0.3277874
1164,0.18499078
1165,0.19059476
1166,0.1349312
1167,0.15392078
1168,0.21187288
1169,0.15716714
1170,0.19264987
1171,0.062094115
1172,0.000810239
1173,0.06594649
1174,0.24171463
1175,0.114819884
1176,0.09984033
1177,0.13207132
1178,0.13220412
1179,0.15147753
1180,0.37593374
1181,0.22096246
1182,0.20327541
1183,0.119180314
1184,0.22645858
1185,0.13225932
1186,0.14999956
1187,0.249203
1188,0.33606198
1189,0.17172226
1190,0.09152079
1191,0.15499973
1192,0.12046852
1193,0.22677152
1194,0.24130362
1195,0.007787688
1196,0.21026397
1197,0.14415577
1198,0.2431488
1199,0.08686589
1200,0.16846949
1201,-0.031427164
1202,0.24457905
1203,0.22705129
1204,0.21064101
1205,0.21357922
1206,0.26033893
1207,0.34638053
1208,0.17857832
1209,0.13669904
1210,0.042396333
1211,0.17867762
1212,0.09708308
1213,0.21135682
1214,0.102672555
1215,0.24128714
1216,0.08733426
1217,0.12541007
1218,0.3211251
1219,0.06483706
1220,0.15309212
1221,0.12449388
1222,0.15816462
1223,0.24731062
1224,0.20706034
1225,0.04067015
1226,0.28126127
1227,0.16727927
1228,0.09115208
1229,0.074515596
1230,0.36005166
1231,0.30772382
1232,0.31307822
1233,0.13017319
1234,0.14422756
1235,0.25306484
1236,0.23521464
1237,0.30058673
1238,0.06870453
1239,0.2951191
1240,0.29542822
1241,0.20845075
1242,-0.006789688
1243,0.28508964
1244,0.23115619
1245,0.17915237
1246,0.14807694
1247,0.123844184
1248,0.2687975
1249,0.21094516
1250,0.20900442
1251,0.08804289
1252,0.28416297
1253,0.35099137
1254,0.16760817
1255,0.07372427
1256,0.24435675
1257,0.061938185
1258,0.1082567
1259,0.118175775
1260,0.116297886
1261,0.1482467
1262,0.04507218
1263,0.44831467
1264,0.14690213
1265,0.0850817
1266,0.18177848
1267,0.1336828
1268,0.19149196
1269,0.15730032
1270,0.35761312
1271,0.12629032
1272,0.1277422
1273,0.361439
1274,0.17527425
1275,0.13258184
1276,0.104860395
1277,-0.05300061
1278,0.07354291
1279,-0.006529529
1280,0.09754245
1281,0.17038439
1282,0.1585801
1283,0.1829318
1284,0.21377783
1285,0.18366201
1286,0.07643687
1287,0.08709104
1288,0.14098778
1289,0.13215402
1290,0.3053422
1291,0.30325553
1292,0.10554448
1293,0.014099147
1294,0.26462996
1295,0.11839642
1296,0.16759837
1297,0.35780743
1298,0.11080799
1299,0.15765549
1300,0.111715026
1301,0.11868345
1302,0.024298867
1303,0.21087927
1304,0.22965737
1305,0.15335526
1306,0.22297427
1307,0.13560505
1308,0.19446436
1309,0.2683655
1310,0.18980792
1311,0.12875113
1312,0.11232972
1313,0.28164887
1314,0.24485543
1315,0.108978406
1316,0.17209549
1317,0.34141064
1318,0.07534701
1319,0.10388978
1320,0.2338286
1321,0.14524004
1322,0.14264077
1323,0.18453038
1324,0.10943656
1325,0.0576145
1326,0.21723346
1327,0.011235124
1328,0.32491708
1329,0.1473512
1330,0.27562279
1331,0.11774283
1332,0.1711579
1333,0.009557282
1334,0.066671684
1335,0.12095652
1336,0.07367062
1337,0.13947935
1338,0.11079555
1339,0.25267023
1340,0.13674714
1341,0.09191295
1342,0.20555931
1343,0.20107517
1344,0.09424271
1345,0.19526392
1346,0.04619822
1347,0.2904194
1348,0.16461307
1349,0.1615974
1350,0.067860335
1351,0.32901114
1352,0.22608362
1353,0.12835631
1354,0.2135486
1355,0.09215947
1356,0.09317968
1357,0.18971722
1358,0.14790717
1359,0.17087832
1360,0.16212769
1361,0.15295348
1362,0.058216937
1363,0.2468746
1364,0.11819839
1365,0.14089185
1366,0.17326847
1367,-0.083849415
1368,-0.0105117
1369,-0.034423687
1370,0.21630932
1371,0.30348247
1372,0.16993475
1373,0.12688324
1374,0.2979232
1375,-0.050079044
1376,0.20662805
1377,0.19635546
1378,0.20317222
1379,0.35559416
1380,0.13562824
1381,0.3478345
1382,0.0741224
1383,0.289765
1384,0.079147145
1385,0.21202014
1386,0.12956396
1387,0.22090209
1388,0.15746462
1389,0.083997965
1390,0.06684989
1391,0.12011396
1392,0.22822605
1393,0.42293304
1394,0.20771748
1395,0.12078213
1396,0.529197
1397,0.022642441
1398,0.3313169
1399,0.1417872
1400,0.18094182
1401,0.2200002
1402,0.0474098
1403,0.046174105
1404,0.1731158
1405,0.11843556
1406,-0.016616877
1407,0.2455093
1408,0.2110587
1409,0.08188482
1410,0.27582717
1411,0.16527674
1412,0.23288569
1413,0.19069645
1414,0.22256942
1415,0.27641523
1416,0.07596328
1417,0.2112386
1418,0.13086739
1419,0.1803209
1420,0.06306105
1421,0.18260601
1422,0.096746095
1423,0.090767995
1424,0.35055673
1425,-0.00576967
1426,0.09599575
1427,-0.022759816
1428,0.053017303
1429,0.15364812
1430,0.1927854
1431,0.0955257
1432,0.21685863
1433,0.20477039
1434,0.1863032
1435,0.13484517
1436,0.13953233
1437,0.24002604
1438,0.22483669
1439,-0.07830516
1440,0.20682795
1441,0.04464825
1442,0.09893737
1443,0.08825418
1444,0.31601888
1445,0.14844933
1446,0.20383897
1447,0.16833466
1448,0.1981669
1449,0.27125794
1450,0.119927764
1451,0.12683105
1452,0.18107705
1453,0.2909148
1454,0.19828416
1455,0.26735914
1456,0.17535916
1457,0.1756712
1458,0.22230542
1459,0.044546477
1460,0.2945213
1461,0.13029727
1462,0.13854223
1463,0.11371993
1464,0.16559637
1465,0.07125124
1466,-0.033410218
1467,0.11217286
1468,0.2282486
1469,0.11457633
1470,0.05975782
1471,0.18718228
1472,0.21217191
1473,0.13787416
1474,0.26168424
1475,0.19528235
1476,0.36899155
1477,0.08367962
1478,0.17338972
1479,0.098516494
1480,0.18462771
1481,0.16911867
1482,0.2668788
1483,0.056031216
1484,0.19453098
1485,0.31514814
1486,0.17943415
1487,0.1995346
1488,0.25727367
1489,0.309645
1490,0.3294238
1491,0.20115323
1492,0.21966563
1493,0.073318005
1494,0.12552123
1495,0.09711654
1496,0.05802562
1497,0.3174689
1498,0.03904901
1499,0.14408708
1500,0.119609
1501,0.19552422
1502,0.1733132
1503,0.0710841
1504,0.09396003
1505,0.1478015
1506,0.11397762
1507,0.24123287
1508,0.041175663
1509,0.10083337
1510,0.21408708
1511,0.2729289
1512,0.119969495
1513,0.028886408
1514,0.17442054
1515,0.14994234
1516,0.1056729
1517,0.07062256
1518,0.16909885
1519,0.15635473
1520,0.1770612
1521,0.07558001
1522,0.18962994
1523,0.4939921
1524,0.09089281
1525,0.23397695
1526,0.10817969
1527,0.26683235
1528,0.2207676
1529,0.16218907
1530,0.11580057
1531,0.13202016
1532,0.2934758
1533,0.056106195
1534,0.09258157
1535,0.07945873
1536,0.16068785
1537,0.25425112
1538,0.002035804
1539,0.23171842
1540,0.12576331
1541,0.16692434
1542,0.19317877
1543,0.15088163
1544,0.038809426
1545,0.21338382
1546,0.14438732
1547,0.16274625
1548,0.19788463
1549,0.27153626
1550,0.28676203
1551,0.18524349
1552,0.18012983
1553,0.13183582
1554,0.010776166
1555,0.16198237
1556,0.20105696
1557,0.14749819
1558,0.25530455
1559,0.13922581
1560,0.076309934
1561,0.20799233
1562,0.1661731
1563,-0.13578138
1564,0.06690631
1565,0.3027948
1566,0.14075495
1567,-0.039296076
1568,0.004218158
1569,0.33385673
1570,0.3076094
1571,0.2604872
1572,0.10348678
1573,0.18433855
1574,-0.000418322
1575,0.26096246
1576,0.20149595
1577,0.105800554
1578,0.043353382
1579,0.15803164
1580,0.12666118
1581,0.29271078
1582,0.17806292
1583,0.121438876
1584,0.119946584
1585,0.22641262
1586,0.16699804
1587,0.37512472
1588,0.31017572
1589,0.27420926
1590,0.4504013
1591,0.20092572
1592,0.20497881
1593,0.15230407
1594,0.19608478
1595,0.2571463
1596,0.04988844
1597,0.26870552
1598,0.08717568
1599,0.22916916
1600,0.27417353
1601,0.1493081
1602,0.13248637
1603,0.39693862
1604,0.23965997
1605,0.15087241
1606,0.15122478
1607,0.16659029
1608,0.14594497
1609,0.058556233
1610,0.07684164
1611,0.4123752
1612,0.14095722
1613,0.121644944
1614,0.28914642
1615,0.052571647
1616,0.1716384
1617,0.20499799
1618,0.17355525
1619,0.16036224
1620,0.14169924
1621,0.09613735
1622,0.014996282
1623,0.23415107
1624,0.16560304
1625,0.10516502
1626,0.09825936
1627,0.19522326
1628,0.013612611
1629,0.09441397
1630,0.21255669
1631,0.15082836
1632,0.30890864
1633,-0.030782696
1634,0.28521702
1635,0.2457323
1636,0.2623958
1637,0.16062091
1638,0.081898496
1639,0.2817127
1640,0.1518715
1641,0.047555216
1642,0.041939095
1643,0.3320015
1644,0.33894357
1645,0.18353415
1646,0.11662665
1647,0.07387574
1648,0.061905883
1649,0.24509995
1650,0.29879642
1651,0.08660393
1652,0.34283015
1653,0.4462632
1654,0.15612262
1655,0.10373142
1656,0.2339521
1657,0.18897022
1658,0.113992676
1659,0.16902313
1660,0.20789094
1661,0.31061256
1662,-0.05696337
1663,0.27920353
1664,-0.011544211
1665,0.0499625
1666,0.111308776
1667,0.15685484
1668,0.21802044
1669,0.12549904
1670,0.19921362
1671,0.037835345
1672,0.19523299
1673,0.12700503
1674,0.16755964
1675,0.109515555
1676,0.15687196
1677,0.17933573
1678,0.26710194
1679,0.081323564
1680,0.1766536
1681,0.28907722
1682,0.08580705
1683,0.21410805
1684,0.17028657
1685,0.25013524
1686,0.18532202
1687,0.10923365
1688,0.19620956
1689,0.056559596
1690,0.24790369
1691,0.06194558
1692,0.106285766
1693,0.05929044
1694,0.1716384
1695,0.29469627
1696,0.2758988
1697,0.29121852
1698,0.32486176
1699,0.05432212
1700,0.1977025
1701,0.1970207
1702,0.1700831
1703,0.19119492
1704,0.34162715
1705,0.23880076
1706,0.10917463
1707,0.17840782
1708,0.28622413
1709,0.08393231
1710,0.13760811
1711,0.14921421
1712,0.13098304
1713,0.03977748
1714,0.09005691
1715,0.20675349
1716,0.1562451
1717,0.22470343
1718,0.14393441
1719,0.08218931
1720,0.16985539
1721,0.17400336
1722,-0.06779465
1723,0.15237376
1724,0.084921815
1725,0.2777896
1726,0.29381788
1727,0.16906753
1728,0.2792545
1729,0.15771732
1730,0.25752327
1731,0.17591155
1732,0.12848198
1733,0.08509929
1734,0.16192035
1735,0.082989335
1736,0.17497656
1737,0.26971537
1738,0.35710663
1739,0.15482804
1740,0.19486147
1741,0.36722165
1742,0.12090276
1743,0.22097762
1744,0.15831187
1745,0.09258826
1746,0.047396883
1747,0.14124623
1748,0.2560287
1749,0.30344766
1750,0.2283388
1751,0.4085369
1752,0.20963487
1753,0.15400887
1754,0.04747364
1755,0.19293988
1756,0.07130906
1757,0.0874196
1758,0.056939658
1759,0.11833679
1760,0.20292878
1761,0.13824265
1762,0.18726483
1763,0.108624935
1764,0.19339931
1765,0.14433244
1766,0.21152247
1767,0.17649925
1768,0.22587976
1769,0.12199559
1770,-0.006624088
1771,0.1625607
1772,0.18377306
1773,0.042468734
1774,0.034572136
1775,0.15546986
1776,0.17801079
1777,0.23664138
1778,0.16038187
1779,0.12730177
1780,0.18035662
1781,0.14623816
1782,0.11399184
1783,0.1434294
1784,0.038048655
1785,0.10746269
1786,0.08904657
1787,0.052712437
1788,0.18182436
1789,0.24503922
1790,0.15074763
1791,0.06786115
1792,0.11652084
1793,0.17670375
1794,0.3834523
1795,0.17643085
1796,0.047941018
1797,0.14136723
1798,0.3459358
1799,0.20475988
1800,0.12548722
1801,0.16571675
1802,0.0865974
1803,0.16338402
1804,0.19279808
1805,0.28358892
1806,0.06941961
1807,0.2281055
1808,0.1919129
1809,0.22768986
1810,0.11408216
1811,0.34332103
1812,0.27898628
1813,0.2709134
1814,0.06477101
1815,0.1271042
1816,0.1040641
1817,0.031171616
1818,0.07121277
1819,0.12060675
1820,0.25967073
1821,0.14726166
1822,0.054486927
1823,0.17003378
1824,0.15988687
1825,0.28213167
1826,0.26669103
1827,0.10950394
1828,0.1244825
1829,0.325386
1830,0.21665749
1831,0.17717591
1832,0.13147777
1833,0.001485781
1834,0.3745198
1835,0.21080759
1836,0.07798209
1837,0.13887253
1838,0.2562753
1839,0.07997933
1840,0.2407864
1841,0.27732494
1842,0.1826447
1843,0.33646077
1844,0.13521653
1845,0.14318568
1846,0.27442887
1847,0.10132026
1848,0.37638268
1849,0.15351951
1850,0.31039056
1851,0.16494393
1852,0.17651019
1853,0.13503963
1854,0.12200324
1855,0.19718571
1856,0.15311337
1857,0.12573554
1858,0.12698093
1859,0.23644195
1860,0.19033837
1861,0.15966067
1862,0.43590003
1863,0.18706346
1864,0.09804894
1865,0.17024626
1866,0.20207688
1867,0.14717084
1868,0.21313399
1869,0.37274402
1870,0.11022535
1871,0.19719705
1872,0.25863886
1873,0.022033338
1874,0.39607048
1875,0.013578981
1876,0.20591818
1877,0.14585209
1878,0.09503158
1879,0.16115074
1880,0.21416168
1881,0.16004725
1882,0.0784034
1883,0.12106155
1884,0.1888409
1885,0.20225728
1886,-0.018119643
1887,0.26149818
1888,0.04043182
1889,0.31792426
1890,0.07588597
1891,0.15484709
1892,0.28498706
1893,0.10109125
1894,0.20568585
1895,0.17846909
1896,0.14239159
1897,0.24105597
1898,0.17844021
1899,0.21936922
1900,0.31573004
1901,0.004354194
1902,0.050089195
1903,0.19814977
1904,0.15678665
1905,0.23672561
1906,0.060227815
1907,0.055711254
1908,0.1861439
1909,0.17112936
1910,0.21853636
1911,0.1628784
1912,0.30163574
1913,0.20531204
1914,0.10115766
1915,-0.002145339
1916,0.30970418
1917,0.24011798
1918,0.18015301
1919,0.1440509
1920,0.26392737
1921,-0.001452684
1922,0.2166068
1923,0.03071494
1924,0.24047461
1925,0.32000554
1926,0.27770594
1927,0.24177706
1928,0.22297989
1929,0.1360973
1930,0.16398945
1931,0.10246466
1932,0.26006335
1933,0.111755185
1934,0.16378793
1935,0.1291
1936,0.1100965
1937,0.104673535
1938,0.3335011
1939,0.24184725
1940,0.28797466
1941,0.15942359
1942,0.13997388
1943,0.19347568
1944,0.24526025
1945,0.29766765
1946,0.032762565
1947,0.46269953
1948,0.28972757
1949,0.007245366
1950,0.15719238
1951,0.13056338
1952,0.16178931
1953,0.028571002
1954,0.21826856
1955,0.15101792
1956,0.24699584
1957,0.12549303
1958,0.27014625
1959,0.22734383
1960,0.17194043
1961,0.24869327
1962,0.09435936
1963,0.03529878
1964,0.15019503
1965,0.07216368
1966,0.14544997
1967,0.22680001
1968,0.22179125
1969,0.06117259
1970,0.29717132
1971,0.087099105
1972,0.20282483
1973,0.25832292
1974,0.24183157
1975,0.13805875
1976,0.07249921
1977,0.16998921
1978,0.22802714
1979,0.23342153
1980,0.02776162
1981,0.056017913
1982,0.11350477
1983,0.04169701
1984,0.24756429
1985,0.20517889
1986,0.122305274
1987,0.17572069
1988,0.19150394
1989,0.10355055
1990,0.06679057
1991,0.14538115
1992,0.14104626
1993,0.2856389
1994,0.2230458
1995,0.09364897
1996,0.1248822
1997,0.35103178
1998,0.1683552
1999,0.19970103
2000,0.24111196
2001,0.20824143
2002,0.13351862
2003,0.11989945
2004,0.0992445
2005,0.15322827
2006,0.23598075
2007,0.2420778
2008,0.16957779
2009,0.24056539
2010,0.095112555
2011,0.29289067
2012,0.2535461
2013,0.11544575
2014,0.03814494
2015,0.14089157
2016,0.2254799
2017,0.20760149
2018,0.13701947
2019,0.07259286
2020,0.21974789
2021,0.07612513
2022,0.47072893
2023,0.22709689
2024,0.31823492
2025,0.15009388
2026,0.3776748
2027,0.23650081
2028,0.36850217
2029,0.25161013
2030,0.29532272
2031,0.04849881
2032,0.33013147
2033,0.13494575
2034,0.04299149
2035,0.12859288
2036,0.22093946
2037,0.034097288
2038,0.043314874
2039,0.027073376
2040,0.25897533
2041,0.09781662
2042,0.08615426
2043,0.37372077
2044,0.048343576
2045,0.306217
2046,0.12619929
2047,0.18374342
2048,0.19721496
2049,0.2498277
2050,0.16103017
2051,0.068381384
2052,0.19424611
2053,0.053034507
2054,0.10033682
2055,0.20161311
2056,-0.04546164
2057,0.3414513
2058,0.10031907
2059,0.056491144
2060,0.062286463
2061,0.030299539
2062,0.21989694
2063,0.010316897
2064,-0.08299659
2065,0.22209446
2066,0.15180351
2067,0.17984703
2068,0.24525093
2069,0.15815257
2070,0.065922976
2071,0.033212394
2072,0.19576727
2073,0.29149812
2074,0.067495294
2075,0.030110978
2076,0.116653234
2077,0.15293746
2078,-0.057416335
2079,0.18364395
2080,0.06931711
2081,0.2145912
2082,0.17674617
2083,0.048721656
2084,0.031645954
2085,0.23670852
2086,0.23970102
2087,0.2723456
2088,0.11418533
2089,0.17645043
2090,0.18720159
2091,0.1254587
2092,0.16424733
2093,0.30982932
2094,0.07202229
2095,0.2148799
2096,0.08349694
2097,0.3253239
2098,0.2201875
2099,0.18365036
2100,-0.035695635
2101,0.114932165
2102,0.14613268
2103,0.08236787
2104,0.2016013
2105,0.06472334
2106,0.21946743
2107,-0.000123798
2108,0.43762508
2109,0.062124692
2110,0.31823334
2111,0.12396217
2112,0.16834345
2113,0.08298138
2114,0.19303545
2115,0.3054155
2116,0.27907556
2117,0.20018949
2118,0.13403514
2119,0.08720781
2120,0.13994648
2121,0.38642567
2122,0.09754146
2123,0.11895287
2124,0.17692287
2125,0.08407386
2126,0.27583492
2127,0.2534138
2128,0.3127505
2129,0.119434044
2130,0.016634956
2131,0.08632612
2132,0.07342604
2133,0.08505156
2134,0.2929662
2135,0.19766285
2136,0.13273834
2137,0.074225284
2138,0.12428502
2139,0.26605105
2140,0.21250397
2141,0.29772788
2142,0.12736219
2143,0.06846275
2144,0.25520054
2145,0.043227434
2146,0.12541595
2147,0.102142066
2148,0.17606291
2149,0.10131257
2150,0.22840978
2151,0.15156463
2152,0.1814245
2153,0.14530998
2154,0.25567675
2155,0.07215123
2156,0.14121576
2157,0.25775903
2158,0.23347566
2159,0.045843653
2160,0.262643
2161,0.15345544
2162,0.19775116
2163,0.05040098
2164,0.23818734
2165,0.24264558
2166,0.111893505
2167,0.19124985
2168,0.015200513
2169,0.22855842
2170,0.14950158
2171,0.10389164
2172,0.12174147
2173,0.30777228
2174,0.20575704
2175,0.21639454
2176,0.067998916
2177,0.08533773
2178,0.24627516
2179,0.15859666
2180,0.4214896
2181,0.008276239
2182,0.16251986
2183,0.10565993
2184,0.13371006
2185,0.061822854
2186,0.14451092
2187,0.16663486
2188,0.2815707
2189,0.03340577
2190,0.053410687
2191,0.081668854
2192,0.2954915
2193,0.111803904
2194,0.262582
2195,0.10783322
2196,-0.009376464
2197,0.2324904
2198,0.3286053
2199,0.22171834
2200,0.06812994
2201,0.26340562
2202,0.28854793
2203,0.04651168
2204,0.17708588
2205,0.28718874
2206,0.1765504
2207,0.30118215
2208,0.16443652
2209,0.18777993
2210,0.20488405
2211,0.22401506
2212,0.07243143
2213,0.13003579
2214,0.40502787
2215,0.11724956
2216,0.29615003
2217,0.07574464
2218,-0.01503386
2219,0.1413536
2220,0.23653924
2221,0.19884486
2222,0.13307965
2223,0.15500808
2224,0.1408835
2225,0.24686243
2226,0.460061
2227,0.13379312
2228,0.12149105
2229,0.12989564
2230,0.27754912
2231,0.46303782
2232,0.11026286
2233,0.33704418
2234,0.15634388
2235,0.09012143
2236,0.1915119
2237,0.08878153
2238,0.07344179
2239,0.17318927
2240,0.20664257
2241,0.40868163
2242,0.06737509
2243,0.13079886
2244,0.09875295
2245,0.046780117
2246,0.19620338
2247,0.17206687
2248,-0.008679202
2249,0.17901017
2250,0.13794595
2251,0.2203021
2252,0.108870395
2253,0.1319038
2254,0.015714347
2255,0.21569508
2256,0.052352957
2257,0.17819321
2258,-0.017891796
2259,0.084679045
2260,0.20062804
2261,0.26104152
2262,0.20109528
2263,0.32875508
2264,0.15932935
2265,0.17821944
2266,0.25702578
2267,0.2211987
2268,0.11348748
2269,0.29282916
2270,0.09522577
2271,0.3269676
2272,0.13290769
2273,0.2797985
2274,0.12368443
2275,0.19262698
2276,0.110606015
2277,0.08154029
2278,0.05601477
2279,0.17784631
2280,0.2575162
2281,-0.007238314
2282,0.085800916
2283,0.3164035
2284,0.10670868
2285,0.9999996
2286,0.22347441
2287,0.15691328
2288,0.16083965
2289,0.07669003
2290,0.1155736
2291,0.107538566
2292,0.17584616
2293,0.22995299
2294,0.025029592
2295,0.21283984
2296,0.25098825
2297,0.18261881
2298,0.3575062
2299,0.15921092
2300,0.16636729
2301,0.12590882
2302,0.11356477
2303,0.08408289
2304,0.057293713
2305,0.15471998
2306,0.14934926
2307,0.16642064
2308,0.08016235
2309,0.22729933
2310,0.13236499
2311,0.23462276
2312,0.0946388
2313,0.30221328
2314,0.26563093
2315,0.050143532
2316,0.37508002
2317,0.1309835
2318,0.18516372
2319,0.14117143
2320,0.11865771
2321,0.06507283
2322,0.14150915
2323,0.19017
2324,0.14851095
2325,0.12534922
2326,0.35295784
2327,0.19619486
2328,0.19438788
2329,0.16115695
2330,0.20216551
2331,0.25870883
2332,0.39171153
2333,0.17632052
2334,0.28212065
2335,0.14972916
2336,0.07530751
2337,-0.001100514
2338,0.18759009
2339,0.14260171
2340,0.27001598
2341,0.050895207
2342,0.16630237
2343,0.11971277
2344,0.36152977
2345,0.20287098
2346,0.22131008
2347,0.039387155
2348,0.22942542
2349,0.2514676
2350,0.21145554
2351,0.03828668
2352,0.21754459
2353,0.15677966
2354,0.056015648
2355,0.2953583
2356,0.25104362
2357,0.23685777
2358,0.07611174
2359,0.08666988
2360,0.21421266
2361,0.22908929
2362,0.15656689
2363,0.092405096
2364,0.14704975
2365,0.258967
2366,0.29197365
2367,0.14643252
2368,0.44226512
2369,0.1093739
2370,0.075784884
2371,0.31345648
2372,0.1470526
2373,0.19932947
2374,0.25804412
2375,0.17332166
2376,0.19679013
2377,0.29850733
2378,0.20512655
2379,0.05796033
2380,0.14742935
2381,0.16546392
2382,0.33428848
2383,0.09103462
2384,0.18507434
2385,0.16459513
2386,0.043904446
2387,0.12687741
2388,0.2058117
2389,0.31491548
2390,0.25691342
2391,0.12319054
2392,0.33102185
2393,0.15519401
2394,0.10605282
2395,0.21233994
2396,0.17870769
2397,0.14683184
2398,0.12701863
2399,0.147469
2400,0.04898904
2401,0.18393596
2402,-0.036109652
2403,0.21286775
2404,0.2654031
2405,0.1949206
2406,0.02234379
2407,0.06430045
2408,0.17797557
2409,0.10797015
2410,0.33551592
2411,0.42624122
2412,0.2650958
2413,0.21021879
2414,0.2661606
2415,0.17641652
2416,0.24407658
2417,0.087814964
2418,0.04934552
2419,0.04673481
2420,0.17408553
2421,0.1192037
2422,-0.073303185
2423,0.10893142
2424,0.1804684
2425,0.17563918
2426,0.07856731
2427,0.13724944
2428,0.055470645
2429,0.22250089
2430,0.11302162
2431,0.1904293
2432,0.09118295
2433,0.004838401
2434,0.17875311
2435,0.17072153
2436,0.107835144
2437,0.16831675
2438,0.022146948
2439,0.2202283
2440,0.19904156
2441,0.21549594
2442,0.13358481
2443,0.2629286
2444,0.2314602
2445,0.18143046
2446,0.23255417
2447,0.14045095
2448,0.114231855
2449,0.0768763
2450,0.11903866
2451,0.15717235
2452,0.05772671
2453,0.06271637
2454,0.3971712
2455,0.3000518
2456,0.107593834
2457,0.19288133
2458,0.30734065
2459,0.091917664
2460,0.08751042
2461,0.24219
2462,0.21328291
2463,0.124798946
2464,0.16253293
2465,0.1267829
2466,0.07021612
2467,0.29787043
2468,0.1774279
2469,0.2969349
2470,0.12868033
2471,0.19508275
2472,0.07138263
2473,0.21461144
2474,0.152365
2475,0.159059
2476,0.114539966
2477,0.2607655
2478,0.025647808
2479,0.33392137
2480,0.19382861
2481,0.2183471
2482,0.088045925
2483,0.22053134
2484,0.0644191
2485,0.07520521
2486,0.11007898
2487,0.23379809
2488,0.35184422
2489,0.33358008
2490,0.2191312
2491,0.2767983
2492,0.29049274
2493,-0.010551136
2494,0.09795232
2495,0.21231852
2496,0.23440434
2497,0.26491535
2498,0.15042344
2499,0.27771655
2500,0.007832929
2501,0.16563667
2502,0.21282485
2503,0.15691796
2504,0.14465472
2505,0.22238784
2506,0.07264118
2507,0.117229104
2508,0.13828489
2509,0.06319685
2510,0.10586088
2511,0.04586388
2512,0.14744684
2513,0.18838
2514,0.07600979
2515,0.21431592
2516,0.13421592
2517,0.012067534
2518,0.10151745
2519,0.23199636
2520,0.29636317
2521,0.16514964
2522,0.18327636
2523,0.048331574
2524,0.05440212
2525,0.05783212
2526,0.23670822
2527,0.15448417
2528,0.00901197
2529,0.14953128
2530,0.09374195
2531,0.15625247
2532,0.009583881
2533,0.24397728
2534,0.35029054
2535,0.302198
2536,0.16973753
2537,0.2597229
2538,0.24570659
2539,0.27332747
2540,0.30429238
2541,0.116198
2542,0.34959084
2543,0.07224363
2544,0.26045287
2545,0.3073604
2546,0.1281761
2547,0.40627667
2548,0.2801572
2549,0.22381061
2550,0.20548306
2551,0.09324669
2552,0.1914067
2553,0.19753662
2554,0.22468555
2555,0.21269768
2556,0.13649169
2557,0.22752964
2558,0.106063195
2559,0.26159215
2560,0.24745733
2561,0.2570913
2562,-0.000517111
2563,0.2636366
2564,-0.012026677
2565,0.012809181
2566,0.103609115
2567,0.27431428
2568,0.22592483
2569,0.18781437
2570,0.18142161
2571,0.16611731
2572,-0.014710946
2573,0.15001045
2574,0.12022508
2575,0.16023499
2576,0.14143145
2577,0.16765791
2578,0.28818122
2579,0.00932316
2580,0.08725452
2581,0.14655772
2582,0.093602
2583,0.1375013
2584,0.1993961
2585,0.14201558
2586,0.12592839
2587,0.2501783
2588,0.069231845
2589,0.21718891
2590,0.29821008
2591,0.14753656
2592,0.052150868
2593,0.18800242
2594,0.24863853
2595,0.21024695
2596,0.13525389
2597,0.21929923
2598,0.10450649
2599,0.16452867
2600,0.22284287
2601,0.24613038
2602,0.241843
2603,0.16710149
2604,0.13393155
2605,0.20905797
2606,0.2159887
2607,0.02258531
2608,0.14178741
2609,0.17868897
2610,0.09900753
2611,0.21688929
2612,0.1767011
2613,0.19368881
2614,0.3953327
2615,0.08891362
2616,0.1855027
2617,0.22442836
2618,0.06110509
2619,0.22702113
2620,0.17002615
2621,0.335531
2622,0.12581587
2623,0.041759886
2624,0.18135184
2625,0.12986286
2626,0.23892441
2627,0.066752166
2628,0.115752414
2629,0.18380749
2630,0.10357998
2631,0.32197082
2632,0.06318315
2633,0.28691328
2634,0.1420114
2635,0.109101206
2636,-0.013208354
2637,0.24684268
2638,0.16743079
2639,0.14794749
2640,0.2018294
2641,0.09185156
2642,0.15914103
2643,0.099451214
2644,0.18337026
2645,0.105266795
2646,0.21702662
2647,0.29558343
2648,0.15723488
2649,0.108136274
2650,0.1857914
2651,0.11033933
2652,0.18254283
2653,0.08737962
2654,0.17271063
2655,0.090915054
2656,-0.024416257
2657,0.31912595
2658,0.26423058
2659,0.161778
2660,0.020164773
2661,0.20668744
2662,0.037887983
2663,0.20498106
2664,0.14931244
2665,0.11983952
2666,0.12381378
2667,-0.008574094
2668,0.30528188
2669,0.17322636
2670,0.05321174
2671,0.34192777
2672,0.11710209
2673,0.11658964
2674,0.21743524
2675,0.10757339
2676,0.14553128
2677,0.107984036
2678,0.17158075
2679,0.48728877
2680,0.13884294
2681,0.09827372
2682,0.14927962
2683,0.19406682
2684,0.17261638
2685,0.25946337
2686,0.2690591
2687,0.11726256
2688,0.090056136
2689,0.12716788
2690,0.26937264
2691,0.418501
2692,0.3272298
2693,0.09432048
2694,0.3162142
2695,0.19584844
2696,0.23793264
2697,0.19273464
2698,0.25516158
2699,0.18038231
2700,0.14927332
2701,0.047264747
2702,0.28912365
2703,0.40687054
2704,0.118753746
2705,0.18629709
2706,0.13046491
2707,0.23975661
2708,0.21042436
2709,0.23113501
2710,0.078777485
2711,0.27299398
2712,0.10432555
2713,0.31172714
2714,0.27460772
2715,0.13026562
2716,0.15958808
2717,0.037532702
2718,0.107281074
2719,-0.027112134
2720,0.02428358
2721,0.007650438
2722,0.004786875
2723,0.20575471
2724,0.23799726
2725,0.11887798
2726,0.04384751
2727,0.12112747
2728,0.0732131
2729,0.23209402
2730,0.17670691
2731,0.1486454
2732,0.3754472
2733,0.27972156
2734,0.015344065
2735,0.08171879
2736,0.037955355
2737,0.41156942
2738,0.21679765
2739,0.319945
2740,0.14135027
2741,0.33263826
2742,0.105197236
2743,0.20487112
2744,0.15550181
2745,0.16643581
2746,0.0634718
2747,0.07179706
2748,0.38063166
2749,0.052337922
2750,-0.018088475
2751,0.19229552
2752,0.38890946
2753,0.17224568
2754,-0.04228001
2755,0.11883557
2756,0.04404224
2757,0.0564163
2758,0.2944941
2759,0.3991044
2760,0.15957446
2761,0.2821742
2762,0.18110588
2763,0.09187714
2764,0.2149891
2765,0.20467362
2766,0.27021497
2767,0.08984752
2768,0.16338564
2769,0.21573707
2770,0.059682786
2771,0.25923145
2772,0.21844582
2773,0.3784417
2774,-0.012660805
2775,0.29442525
2776,0.26727882
2777,0.120549284
2778,0.12887445
2779,0.20346779
2780,0.30686206
2781,0.13005742
2782,0.21775527
2783,0.032994065
2784,0.34116808
2785,0.14791366
2786,0.10272858
2787,0.6260669
2788,0.24222568
2789,0.37095973
2790,0.24848121
2791,0.06647228
2792,0.35965443
2793,0.03470718
2794,0.26594645
2795,0.14009137
2796,0.17449597
2797,0.24945062
2798,0.11805563
2799,0.3886603
2800,0.004837668
2801,0.26503494
2802,-0.0056223
2803,-0.053132735
2804,0.40966472
2805,0.28627634
2806,0.094976984
2807,0.27181688
2808,0.09038466
2809,0.15775776
2810,0.06324176
2811,0.12575382
2812,0.1939033
2813,0.22835307
2814,0.12012272
2815,0.12607059
2816,0.0964067
2817,0.3057252
2818,0.057500154
2819,0.15626207
2820,0.29577732
2821,0.12582129
2822,0.1772733
2823,0.09608561
2824,0.08893426
2825,0.05532045
2826,0.30199385
2827,0.25923604
2828,0.07669084
2829,-0.03298778
2830,0.23498395
2831,0.049064387
2832,0.13118026
2833,0.07327692
2834,0.068458185
2835,0.076043926
2836,0.112414666
2837,0.11088009
2838,0.007543217
2839,0.2668382
2840,0.2837913
2841,0.20130199
2842,0.29059717
2843,0.08629504
2844,0.10442777
2845,0.19621398
2846,0.21955141
2847,0.023668248
2848,0.16308632
2849,0.30619958
2850,0.2022909
2851,0.121918865
2852,0.22325744
2853,0.2579192
2854,0.15231055
2855,0.1852381
2856,0.113552846
2857,0.04124901
2858,0.22275907
2859,0.22683164
2860,0.13831936
2861,0.12546483
2862,0.11897151
2863,0.13248226
2864,0.062667534
2865,0.28938484
2866,0.17002279
2867,0.03940449
2868,0.22971714
2869,0.039008908
2870,0.19169489
2871,0.2709896
2872,0.23967198
2873,0.23363045
2874,0.26645267
2875,0.26048446
2876,0.17086177
2877,0.23693353
2878,0.079738714
2879,0.07106257
2880,0.080282375
2881,0.113564014
2882,0.07841448
2883,0.11416415
2884,0.1201024
2885,0.16937065
2886,0.14288373
2887,0.112440325
2888,0.14926407
2889,0.21427703
2890,0.29532212
2891,0.37214288
2892,0.041317426
2893,0.18536627
2894,0.20712343
2895,0.14038688
2896,0.1363885
2897,0.23711859
2898,0.4075467
2899,0.2527355
2900,0.005066634
2901,0.16337836
2902,0.21349359
2903,0.24769513
2904,0.31563
2905,0.19185415
2906,0.23030192
2907,0.19523972
2908,0.2730851
2909,0.16690707
2910,-0.031535298
2911,0.17485441
2912,0.21393313
2913,0.22474287
2914,0.33297896
2915,0.26143843
2916,0.25080743
2917,0.13912137
2918,0.14401394
2919,0.03731122
2920,0.2799206
2921,0.16287299
2922,0.14554128
2923,0.19559729
2924,0.23427089
2925,0.21587333
2926,0.13103986
2927,0.15402278
2928,-0.027605066
2929,0.13986532
2930,0.046643056
2931,0.06801713
2932,0.028794108
2933,0.08408427
2934,0.44469565
2935,0.19715947
2936,0.37854832
2937,-0.002168301
2938,0.21607918
2939,0.05043029
2940,-0.03403737
2941,0.24237019
2942,0.44361252
2943,0.2068137
2944,0.15502429
2945,0.102247626
2946,0.116702944
2947,0.5660399
2948,0.038875062
2949,0.16785422
2950,0.104702264
2951,0.17274605
2952,0.17900732
2953,0.27690047
2954,0.105285466
2955,0.16821063
2956,0.25795978
2957,-0.06278885
2958,0.1656054
2959,0.14264147
2960,0.20639817
2961,0.28735626
2962,0.06678984
2963,0.29330385
2964,-0.040435985
2965,0.2132616
2966,0.1795449
2967,0.38759786
2968,0.3750056
2969,0.16803955
2970,0.18347558
2971,0.20112702
2972,0.085564785
2973,0.16839007
2974,-0.013701241
2975,0.19936208
2976,0.2336887
2977,0.039996665
2978,0.1049409
2979,0.09170614
2980,0.07227939
2981,0.19535106
2982,0.12496266
2983,0.25377834
2984,0.23898828
2985,0.17188957
2986,0.13535017
2987,0.17374213
2988,0.25865006
2989,0.08666323
2990,0.055565972
2991,0.28550076
2992,0.16298726
2993,0.23158222
2994,0.05358503
2995,0.1349887
2996,0.2757246
2997,0.22544497
2998,0.10664484
2999,0.1198584
3000,0.04266954
3001,0.15921506
3002,0.12703595
3003,0.24035072
3004,0.19771394
3005,0.042199794
3006,0.040827904
3007,0.16176307
3008,0.068779655
3009,0.059888784
3010,0.24701598
3011,0.105776854
3012,0.26451936
3013,0.12043159
3014,0.57931805
3015,0.2812959
3016,0.087422445
3017,0.033423845
3018,0.15939486
3019,0.23955908
3020,0.08206159
3021,0.1434417
3022,0.27350283
3023,0.24784479
3024,0.6393595
3025,0.22950156
3026,0.36108035
3027,0.3991958
3028,0.1858288
3029,0.2013781
3030,0.14956857
3031,0.10240387
3032,0.21912506
3033,0.24281803
3034,0.15952376
3035,0.14776248
3036,0.12125017
3037,0.17294341
3038,0.15153548
3039,0.25839967
3040,0.093262374
3041,0.039141405
3042,0.19389668
3043,0.1620825
3044,0.13243319
3045,0.21759142
3046,0.17592645
3047,0.2952177
3048,0.28824365
3049,0.2407703
3050,0.090988494
3051,0.18909577
3052,0.23470244
3053,0.031954966
3054,0.34584975
3055,0.22202745
3056,0.059144158
3057,0.4109351
3058,-0.014690632
3059,0.24395368
3060,0.060780503
3061,0.30989903
3062,0.08438819
3063,0.12829936
3064,0.07909925
3065,0.18239334
3066,0.3601731
3067,-0.113498695
3068,0.17396826
3069,0.116165996
3070,0.019736
3071,0.07294474
3072,0.17381567
3073,0.08038148
3074,0.38823277
3075,0.30970016
3076,0.20558292
3077,0.26575148
3078,0.20992623
3079,0.20854929
3080,0.12992103
3081,0.22045311
3082,0.19057664
3083,0.0567182
3084,0.30458993
3085,0.38146204
3086,0.22828162
3087,0.15425088
3088,0.18926291
3089,0.21005598
3090,0.13507342
3091,0.18140692
3092,0.14427465
3093,0.10652192
3094,0.1500801
3095,0.07066201
3096,0.25739926
3097,0.09143688
3098,0.10552883
3099,0.09695065
3100,0.18064883
3101,0.31487894
3102,0.30962506
3103,0.10197884
3104,0.22974396
3105,0.3282435
3106,0.20819557
3107,0.20753281
3108,0.09466753
3109,0.20194373
3110,0.006153758
3111,0.13770789
3112,0.0956306
3113,0.23850928
3114,0.07024752
3115,0.16049424
3116,0.06445086
3117,0.21837464
3118,0.10460571
3119,0.37003958
3120,0.21412012
3121,0.23699284
3122,0.19050501
3123,0.1667588
3124,0.13276282
3125,0.084947325
3126,0.22346202
3127,0.19081539
3128,0.060520478
3129,0.09788795
3130,0.27967027
3131,0.2354899
3132,0.27761537
3133,0.21101205
3134,0.0733497
3135,0.19240293
3136,0.1959717
3137,0.22514527
3138,0.19256428
3139,0.12592371
3140,0.051833354
3141,0.19937351
3142,0.14151047
3143,0.25853223
3144,-0.07257222
3145,0.031807866
3146,0.085576154
3147,0.3193138
3148,0.03808579
3149,0.22775483
3150,0.3055659
3151,0.17985086
3152,0.20673063
3153,0.11449902
3154,0.27562258
3155,0.12858613
3156,0.13138102
3157,0.18850748
3158,0.12727049
3159,0.1253317
3160,0.3693714
3161,0.26512232
3162,0.13221303
3163,0.15921883
3164,0.2915699
3165,0.098480135
3166,0.20231855
3167,0.12550944
3168,0.032109164
3169,0.3385927
3170,0.35291076
3171,0.1477584
3172,0.18980071
3173,0.042592183
3174,0.1902839
3175,0.110063665
3176,0.11471901
3177,0.22997487
3178,0.10900815
3179,0.35050237
3180,0.17243649
3181,0.030237962
3182,0.20036638
3183,0.153188
3184,0.18883623
3185,0.06395353
3186,0.105058804
3187,0.33916897
3188,0.20156491
3189,0.042018205
3190,0.07895852
3191,0.38347992
3192,0.16210788
3193,0.12531836
3194,0.2764619
3195,0.24074271
3196,0.38975656
3197,0.082236856
3198,0.17695066
3199,0.15126672
3200,0.12178115
3201,0.18112351
3202,0.22438818
3203,0.2345793
3204,0.10456398
3205,0.18532917
3206,0.24655178
3207,0.19235355
3208,0.2348505
3209,0.05706396
3210,0.14182301
3211,0.03767783
3212,0.17872739
3213,0.058691442
3214,0.10794257
3215,0.14850867
3216,0.13693953
3217,0.19946152
3218,0.16499619
3219,0.17004846
3220,0.14814864
3221,0.19082117
3222,0.27145875
3223,0.06792351
3224,-0.07851373
3225,0.026527656
3226,0.22545877
3227,0.23153374
3228,0.084694654
3229,0.06037098
3230,0.26401737
3231,0.12953094
3232,0.19535762
3233,0.027969612
3234,0.3209902
3235,0.16142268
3236,0.23501964
3237,0.11729764
3238,0.07806361
3239,0.07581332
3240,0.2602917
3241,0.08877239
3242,0.17404474
3243,0.18751103
3244,0.24496026
3245,0.10882828
3246,0.13740426
3247,0.11271902
3248,0.34403217
3249,0.20326841
3250,0.14896624
3251,-0.028654052
3252,0.051938
3253,0.23106265
3254,0.16275531
3255,0.17280628
3256,0.19915366
3257,0.12012717
3258,0.13501167
3259,0.2077033
3260,0.061479133
3261,0.31736988
3262,0.06064287
3263,0.08262853
3264,0.123933055
3265,0.37249255
3266,0.15732571
3267,0.39054516
3268,0.047070507
3269,0.12777108
3270,-0.002487563
3271,0.24503317
3272,0.074683905
3273,0.097369835
3274,0.17819802
3275,0.026633946
3276,0.104084
3277,0.27068126
3278,0.17657554
3279,-0.033036295
3280,0.15906143
3281,0.09114012
3282,0.27703232
3283,0.09724931
3284,0.2949895
3285,0.16507383
3286,0.18233112
3287,0.12900555
3288,0.083551675
3289,0.21084143
3290,0.31509477
3291,0.110107146
3292,0.124350496
3293,0.179268
3294,0.045444302
3295,0.18414542
3296,0.07465047
3297,0.15018839
3298,0.34580857
3299,0.20244668
3300,0.26343173
3301,0.12598085
3302,0.19562495
3303,0.15360306
3304,0.28988126
3305,0.0818009
3306,0.19116914
3307,0.13671239
3308,0.28908527
3309,0.122775316
3310,0.32184243
3311,0.20883676
3312,0.124234
3313,0.1444512
3314,0.16423906
3315,0.36551982
3316,0.31415153
3317,0.119605795
3318,0.019078646
3319,0.27634263
3320,0.09127629
3321,0.15725857
3322,0.37467837
3323,0.15042356
3324,0.15112454
3325,0.23784779
3326,0.23977742
3327,0.10103589
3328,0.1442401
3329,0.18034405
3330,0.101873174
3331,0.20087409
3332,0.24656387
3333,0.29712123
3334,0.046112422
3335,0.22908285
3336,0.17012835
3337,0.1620552
3338,0.07859163
3339,0.10488066
3340,0.19022816
3341,0.27942157
3342,0.14458898
3343,0.19881035
3344,0.21813887
3345,0.24440749
3346,0.12757272
3347,0.15557384
3348,0.23726287
3349,0.24038634
3350,0.16710174
3351,0.13852392
3352,0.15039149
3353,0.37166297
3354,0.18637952
3355,0.29500186
3356,0.16637923
3357,0.11855988
3358,0.14745423
3359,0.0961438
3360,0.22801965
3361,0.176901
3362,0.2907708
3363,0.111733526
3364,0.22333334
3365,0.2692323
3366,0.16026992
3367,0.19320561
3368,0.34595266
3369,0.17198148
3370,0.26769736
3371,0.1861687
3372,0.056783862
3373,0.32153583
3374,0.07013699
3375,0.20062698
3376,0.18452331
3377,0.281218
3378,0.18275172
3379,0.14925033
3380,0.2291278
3381,0.14245242
3382,0.04792234
3383,0.37068766
3384,0.31148496
3385,0.21161014
3386,0.24434733
3387,0.13867898
3388,0.13187917
3389,0.20023265
3390,0.08824013
3391,0.20742539
3392,0.34018564
3393,0.097171634
3394,0.33028877
3395,0.14682896
3396,0.07020649
3397,0.12602781
3398,0.36713657
3399,0.0782142
3400,0.04007975
3401,0.067427814
3402,0.04240211
3403,0.20259905
3404,1.0000007
3405,0.20327827
3406,0.29629028
3407,0.17397666
3408,0.08531779
3409,0.32351065
3410,-0.05869913
3411,0.16830419
3412,0.1832594
3413,0.08453714
3414,0.18106031
3415,0.16666393
3416,0.07696671
3417,0.07011571
3418,0.09975007
3419,0.22589108
3420,0.15852058
3421,0.11165343
3422,0.53001696
3423,0.18385358
3424,0.14518851
3425,0.04045736
3426,0.34273833
3427,0.19263762
3428,0.18111482
3429,0.10444358
3430,0.2664451
3431,0.1354911
3432,0.1783309
3433,0.18440527
3434,0.19214296
3435,0.21061707
3436,0.14153048
3437,0.119375184
3438,0.108568095
3439,0.07836892
3440,0.076726474
3441,0.058548663
3442,0.13609365
3443,0.27857918
3444,0.22515385
3445,0.13365027
3446,0.052055508
3447,0.128472
3448,0.28269976
3449,0.14408971
3450,0.07870375
3451,0.10036044
3452,0.36177948
3453,0.08452001
3454,0.20312174
3455,0.18417089
3456,0.14380434
3457,0.11802956
3458,0.15421402
3459,-0.004828211
3460,0.4359895
3461,0.12925659
3462,0.25830594
3463,-0.03245901
3464,0.14732903
3465,0.18286234
3466,0.2513756
3467,0.3899892
3468,0.34459686
3469,0.06791338
3470,0.24678911
3471,0.17379212
3472,-0.002629396
3473,0.21317746
3474,0.25262517
3475,0.21593595
3476,0.11362743
3477,-0.0639869
3478,0.22232047
3479,0.12769786
3480,0.091738746
3481,0.32398692
3482,0.21465006
3483,0.030619051
3484,0.1657887
3485,0.09694767
3486,0.23533472
3487,0.41854793
3488,0.22691381
3489,0.037730675
3490,0.1608231
3491,0.12772675
3492,0.053806942
3493,0.2900176
3494,0.16004413
3495,0.07223509
3496,0.27665645
3497,0.16308835
3498,0.058480993
3499,0.33349192
3500,0.0422089
3501,0.15583189
3502,0.17295426
3503,0.16310063
3504,0.23565695
3505,0.1480845
3506,0.18848816
3507,0.13226128
3508,0.48305184
3509,0.11365124
3510,0.14632767
3511,-0.045707628
3512,0.20800273
3513,0.06586008
3514,0.06524747
3515,0.2732063
3516,0.19076033
3517,0.21706909
3518,0.21667895
3519,0.28208917
3520,0.079964116
3521,0.07320768
3522,0.0768061
3523,0.23421991
3524,-0.039921835
3525,0.02423012
3526,0.42814374
3527,0.43032223
3528,0.16309392
3529,0.06775606
3530,0.09264298
3531,0.19891536
3532,0.33811808
3533,0.039950825
3534,0.19204205
3535,0.19945666
3536,0.0707538
3537,0.14335306
3538,0.324921
3539,0.118854
3540,0.062365204
3541,0.17423023
3542,0.22805494
3543,0.19054647
3544,0.4343766
3545,0.24754287
3546,0.2674283
3547,0.06819916
3548,0.39251924
3549,0.45502537
3550,0.13023531
3551,0.28892386
3552,0.01026997
3553,0.4871291
3554,0.3029573
3555,0.22803864
3556,0.060988262
3557,0.14198656
3558,0.15977407
3559,0.15954015
3560,0.20985323
3561,0.20735435
3562,0.13587253
3563,0.22795051
3564,0.1745667
3565,0.22901803
3566,0.11019376
3567,0.29167345
3568,0.40801275
3569,0.06488008
3570,0.09072374
3571,0.094821855
3572,0.17973772
3573,0.18853703
3574,0.29208395
3575,0.13391903
3576,0.101822995
3577,0.3182294
3578,0.2449463
3579,0.12144206
3580,0.21132523
3581,0.17668584
3582,0.17150165
3583,-0.024009107
3584,0.38129264
3585,0.05923854
3586,0.17842643
3587,0.15098837
3588,0.30526426
3589,0.25355816
3590,0.027466744
3591,0.21387716
3592,0.22588876
3593,0.3061644
3594,0.33895248
3595,0.3214285
3596,0.20079914
3597,0.095735535
3598,0.19855583
3599,0.12642275
3600,0.123342454
3601,0.23314711
3602,0.19399622
3603,0.1563794
3604,0.24462782
3605,0.008872023
3606,0.13594586
3607,0.13097301
3608,0.039401688
3609,0.1151212
3610,0.10272695
3611,0.14361462
3612,0.23346649
3613,0.17237842
3614,0.16566457
3615,0.35658222
3616,0.19254792
3617,0.15838501
3618,0.08237857
3619,0.26035208
3620,0.12985894
3621,0.2216889
3622,0.30569652
3623,0.30214188
3624,0.163671
3625,0.2411535
3626,0.19608462
3627,0.241189
3628,0.1121666
3629,0.041274283
3630,0.18007371
3631,0.121790595
3632,0.22597727
3633,0.1603336
3634,0.09753399
3635,0.14490485
3636,0.18775201
3637,0.17468518
3638,0.042872928
3639,0.07670112
3640,0.15330586
3641,0.36582726
3642,0.2635128
3643,0.06405415
3644,0.09609598
3645,0.21059942
3646,0.14961198
3647,0.19380736
3648,0.19969633
3649,0.22773895
3650,0.112419814
3651,0.026658682
3652,0.16865903
3653,0.115286894
3654,0.27336627
3655,0.25820202
3656,0.17884275
3657,0.21694434
3658,0.27508911
3659,0.09729279
3660,0.24947765
3661,0.12428112
3662,0.16692448
3663,0.058779225
3664,0.1555454
3665,0.072860435
3666,0.2217633
3667,0.27486557
3668,0.17530426
3669,0.24474895
3670,-0.019503841
3671,0.1590598
3672,0.20697314
3673,0.10527566
3674,0.21717586
3675,0.36317766
3676,0.24527782
3677,0.16515595
3678,0.15494975
3679,0.14048406
3680,0.068397306
3681,0.14705703
3682,0.0930872
3683,0.004822651
3684,0.13049304
3685,0.01801455
3686,0.106373355
3687,0.26386213
3688,0.12097584
3689,0.07066824
3690,0.12186335
3691,0.22834834
3692,0.013665499
3693,0.21937555
3694,0.2770087
3695,0.17671905
3696,0.20888792
3697,0.19191083
3698,0.15583189
3699,0.22999454
3700,0.115368515
3701,0.1134502
3702,0.20046547
3703,0.040063597
3704,0.19348115
3705,0.27056846
3706,0.11730902
3707,0.3554242
3708,0.18243888
3709,0.21760577
3710,0.1406494
3711,0.19015263
3712,0.16777653
3713,-0.049883716
3714,0.08641291
3715,0.12854649
3716,0.406298
3717,0.039164558
3718,0.19714093
3719,0.28383303
3720,0.101587
3721,0.15712778
3722,0.20994914
3723,0.12056038
3724,0.029185787
3725,0.22217867
3726,0.26302218
3727,0.18896927
3728,0.026159108
3729,0.056102473
3730,0.024322573
3731,0.086399816
3732,0.10135913
3733,0.32708263
3734,0.2819211
3735,0.16122219
3736,0.14341342
3737,0.121608205
3738,0.31235877
3739,0.5556334
3740,0.17506203
3741,0.21471515
3742,0.12829928
3743,-0.03551167
3744,0.32699734
3745,0.13566801
3746,0.17715687
3747,0.1655571
3748,0.16694576
3749,0.13713607
3750,0.1326537
3751,0.028060786
3752,0.03132594
3753,0.15089622
3754,0.39866212
3755,0.045471925
3756,0.3045823
3757,0.24895138
3758,0.2160574
3759,0.24341017
3760,0.16829702
3761,0.13218461
3762,0.17461619
3763,0.16285223
3764,0.34802955
3765,0.21987769
3766,0.30751976
3767,0.19346952
3768,0.16993326
3769,0.3146416
3770,0.3056672
3771,0.15092997
3772,0.29395264
3773,0.12602867
3774,0.23819217
3775,0.2218749
3776,0.22877273
3777,0.18871284
3778,0.12301051
3779,0.15488136
3780,0.13723557
3781,0.15018305
3782,0.13365136
3783,0.18127677
3784,0.105380476
3785,0.21283725
3786,0.10571624
3787,0.107122496
3788,0.15616174
3789,0.25853214
3790,0.19304547
3791,0.19210798
3792,0.17138347
3793,0.24102412
3794,0.29881406
3795,0.2740574
3796,0.22827697
3797,0.26189715
3798,0.07533268
3799,0.24266613
3800,0.22449946
3801,0.30861586
3802,0.15344974
3803,0.08901225
3804,0.22237618
3805,0.21401033
3806,0.24846815
3807,0.35679385
3808,0.1268097
3809,0.18841411
3810,0.074259095
3811,0.12691712
3812,0.33189273
3813,0.4161686
3814,0.55295396
3815,0.18508238
3816,0.2908623
3817,0.03762512
3818,0.023777865
3819,0.22516927
3820,0.17643964
3821,0.23675549
3822,0.3140089
3823,0.09085111
3824,0.09397523
3825,0.09801176
3826,0.13534021
3827,0.062686376
3828,0.5532332
3829,0.12103063
3830,0.22116268
3831,0.21027586
3832,0.2887044
3833,0.32317066
3834,0.25132683
3835,0.06183902
3836,0.20222223
3837,0.15608875
3838,0.14107206
3839,0.27030885
3840,0.18987876
3841,0.09306355
3842,0.004827892
3843,0.025544688
3844,0.19600217
3845,-0.069003925
3846,0.10898703
3847,0.25502467
3848,0.30874866
3849,0.28921863
3850,0.21946895
3851,0.24134406
3852,0.1846281
3853,0.15092404
3854,0.15732728
3855,0.09373229
3856,0.29293495
3857,0.20164523
3858,0.12686875
3859,0.07658902
3860,0.58605397
3861,0.22498421
3862,0.28350228
3863,0.20866325
3864,0.13028322
3865,0.26510662
3866,0.033058263
3867,0.14595886
3868,0.060627364
3869,0.39073488
3870,0.1536377
3871,0.1577114
3872,0.20301457
3873,0.2962784
3874,0.20474057
3875,0.29634923
3876,0.1408519
3877,-0.001499815
3878,0.07966046
3879,0.36482558
3880,0.4606781
3881,0.24454425
3882,0.16180749
3883,0.34918493
3884,0.052735176
3885,0.14282702
3886,0.26981497
3887,0.35296535
3888,0.13751826
3889,0.09938494
3890,0.11452216
3891,0.18240589
3892,0.40089905
3893,0.15197808
3894,0.18527746
3895,0.038716532
3896,0.1718555
3897,0.08825712
3898,0.33947945
3899,0.11750688
3900,0.046242833
3901,-0.003743872
3902,0.09843615
3903,0.13945584
3904,0.25093693
3905,0.20583016
3906,0.09958719
3907,0.094701774
3908,0.106933154
3909,0.1804355
3910,0.12204829
3911,0.21926276
3912,0.23787113
3913,0.08636956
3914,0.075290225
3915,0.2034266
3916,0.06742052
3917,0.200586
3918,0.007274169
3919,0.12238813
3920,0.1045277
3921,0.16539109
3922,0.15048918
3923,0.17100836
3924,0.15065616
3925,0.18414138
3926,0.18919736
3927,0.110444546
3928,0.2104717
3929,0.15105367
3930,0.2544994
3931,0.13052063
3932,0.15750995
3933,0.056311816
3934,0.011693791
3935,0.26099622
3936,0.06252579
3937,0.32151216
3938,0.60656095
3939,0.3652607
3940,0.2042856
3941,0.13759497
3942,0.21045016
3943,0.14175488
3944,0.12361292
3945,0.06339072
3946,0.23513618
3947,0.23902832
3948,0.24625741
3949,0.26824462
3950,0.18120053
3951,0.29106703
3952,0.15125139
3953,0.10779424
3954,0.19343218
3955,0.22561646
3956,0.014521565
3957,0.097731255
3958,0.08170806
3959,0.176086
3960,0.27684918
3961,0.22920828
3962,0.07096994
3963,0.08397055
3964,0.259383
3965,0.03931873
3966,0.18303582
3967,0.060833387
3968,0.30066332
3969,0.25188
3970,0.17436649
3971,0.031109534
3972,0.07099458
3973,0.18903151
3974,0.22439487
3975,0.2768518
3976,0.096683726
3977,0.26813522
3978,0.18524605
3979,0.16583619
3980,0.06479548
3981,0.097896665
3982,0.23061058
3983,0.19607617
3984,0.2060088
3985,0.24875674
3986,0.047122195
3987,0.23804908
3988,0.23861885
3989,0.037121236
3990,0.16127709
3991,0.35683686
3992,0.14066613
3993,0.21834072
3994,0.35399053
3995,0.11685581
3996,0.06344395
3997,0.29370165
3998,0.077254534
3999,0.19686675
4000,0.23073626
4001,0.04877855
4002,0.12051802
4003,0.093829155
4004,0.12573795
4005,0.14518231
4006,0.2746802
4007,0.10590246
4008,0.13273692
4009,0.21108055
4010,0.18354192
4011,0.0726445
4012,0.1949361
4013,0.04577521
4014,0.16091992
4015,0.1731785
4016,0.2520184
4017,0.08608618
4018,0.156589
4019,0.1585789
4020,0.14221534
4021,0.07946207
4022,0.12363241
4023,0.11004287
